model,split,wrmsse,L1,L2,L3,L4,L5,L6,L7,L8,L9,L10,L11,L12
zeros,valid,5.2835,7.2498,6.6409,6.2955,6.9861,6.8273,6.2819,6.0390,5.7219,5.3112,2.6890,1.9584,1.4011
naive,valid,1.4864,1.3843,1.6089,1.6322,1.4183,1.5939,1.5719,1.6359,1.6297,1.6808,1.2699,1.2361,1.1752
seasonal_naive,valid,0.9228,0.6677,0.7245,0.8252,0.7543,0.9738,0.8347,0.9844,0.9205,1.0290,1.1143,1.1192,1.1259
moving_avg_28,valid,1.0975,1.2001,1.1513,1.1188,1.1938,1.2304,1.1457,1.1690,1.1111,1.1131,0.9549,0.9106,0.8709
zeros,test,5.4465,7.5075,6.8836,6.5295,7.2139,7.0274,6.4904,6.2200,5.9125,5.4643,2.7179,1.9783,1.4121
naive,test,1.4639,1.4879,1.5172,1.5346,1.5200,1.6055,1.5405,1.6143,1.5388,1.5616,1.2708,1.2107,1.1645
seasonal_naive,test,0.8697,0.7514,0.7544,0.7993,0.7620,0.8171,0.7830,0.8304,0.8393,0.8919,1.0322,1.0750,1.1004
moving_avg_28,test,1.0823,1.1571,1.1311,1.1224,1.1527,1.2112,1.1258,1.1640,1.0983,1.1140,0.9436,0.8991,0.8681
lightgbm_tweedie,valid,0.5198,0.2197,0.3430,0.4467,0.2811,0.3808,0.4169,0.4949,0.5306,0.5971,0.8405,0.8461,0.8400
lightgbm_tweedie,test,0.6705,0.5791,0.5778,0.6231,0.5730,0.5927,0.5977,0.6193,0.6544,0.6926,0.8479,0.8469,0.8417
lightgbm_l2,valid,0.5324,0.2362,0.3491,0.4510,0.3135,0.4110,0.4343,0.5155,0.5471,0.6153,0.8339,0.8433,0.8379
lightgbm_l2,test,0.6554,0.5265,0.5407,0.6063,0.5369,0.5818,0.5778,0.6187,0.6457,0.6962,0.8471,0.8464,0.8405
deepar_nb,valid,0.5448,0.2994,0.3746,0.4611,0.3619,0.4444,0.4492,0.5230,0.5409,0.6037,0.8145,0.8318,0.8326
deepar_nb,test,0.6315,0.4959,0.5100,0.5727,0.5090,0.5696,0.5395,0.5970,0.6067,0.6703,0.8355,0.8353,0.8367
deepar_nb_seed1,test,0.6623,0.5510,0.5642,0.5976,0.5612,0.6143,0.5954,0.6425,0.6391,0.6934,0.8254,0.8313,0.8324
